{
  "project_info": {
    "project_number": "319979623388",
    "firebase_url": "https://saring-in-project-default-rtdb.asia-southeast1.firebasedatabase.app",
    "project_id": "saring-in-project",
    "storage_bucket": "saring-in-project.appspot.com"
  },
  "client": [
    {
      "client_info": {
        "mobilesdk_app_id": "1:319979623388:android:ea890b8c5570b2be7e7519",
        "android_client_info": {
          "package_name": "com.aplikasi.deteksihoax"
        }
      },
      "oauth_client": [
        {
          "client_id": "319979623388-jq8uiq6p45r8njbjo5dpaiuacnb98ins.apps.googleusercontent.com",
          "client_type": 3
        }
      ],
      "api_key": [
        {
          "current_key": "AIzaSyDf1hbL5aGmZc_Hl4stYTQu6PPrTx8SDnM"
        }
      ],
      "services": {
        "appinvite_service": {
          "other_platform_oauth_client": [
            {
              "client_id": "319979623388-jq8uiq6p45r8njbjo5dpaiuacnb98ins.apps.googleusercontent.com",
              "client_type": 3
            }
          ]
        }
      }
    },
    {
      "client_info": {
        "mobilesdk_app_id": "1:319979623388:android:fefa0f7d68de2be17e7519",
        "android_client_info": {
          "package_name": "com.khasna.saringinpro"
        }
      },
      "oauth_client": [
        {
          "client_id": "319979623388-jq8uiq6p45r8njbjo5dpaiuacnb98ins.apps.googleusercontent.com",
          "client_type": 3
        }
      ],
      "api_key": [
        {
          "current_key": "AIzaSyDf1hbL5aGmZc_Hl4stYTQu6PPrTx8SDnM"
        }
      ],
      "services": {
        "appinvite_service": {
          "other_platform_oauth_client": [
            {
              "client_id": "319979623388-jq8uiq6p45r8njbjo5dpaiuacnb98ins.apps.googleusercontent.com",
              "client_type": 3
            }
          ]
        }
      }
    }
  ],
  "configuration_version": "1"
}